{ "skeleton": { "images": "C:/Users/Alexey/Downloads/Dvig/Dvijenie-Personaja/images/" },
"bones": [
	{ "name": "root" }
],
"slots": [
	{ "name": "RFoot", "bone": "root", "attachment": "RFoot" },
	{ "name": "RThigh", "bone": "root", "attachment": "RThigh" },
	{ "name": "RHand", "bone": "root", "attachment": "RHand" },
	{ "name": "RArm", "bone": "root", "attachment": "RArm" },
	{ "name": "LFoot", "bone": "root", "attachment": "LFoot" },
	{ "name": "LThigh", "bone": "root", "attachment": "LThigh" },
	{ "name": "Hip", "bone": "root", "attachment": "Hip" },
	{ "name": "LHand", "bone": "root", "attachment": "LHand" },
	{ "name": "LArm", "bone": "root", "attachment": "LArm" },
	{ "name": "Head", "bone": "root", "attachment": "Head" }
],
"skins": {
	"default": {
		"RFoot": {
			"RFoot": { "x": 203.5, "y": -561.5, "width": 89, "height": 61 }
		},
		"RThigh": {
			"RThigh": { "x": 176, "y": -440.5, "width": 130, "height": 223 }
		},
		"RHand": {
			"RHand": { "x": 24.5, "y": -296, "width": 41, "height": 50 }
		},
		"RArm": {
			"RArm": { "x": 88.5, "y": -223.5, "width": 111, "height": 125 }
		},
		"LFoot": {
			"LFoot": { "x": 48, "y": -570.5, "width": 96, "height": 55 }
		},
		"LThigh": {
			"LThigh": { "x": 106, "y": -456, "width": 76, "height": 252 }
		},
		"Hip": {
			"Hip": { "x": 127, "y": -239.5, "width": 74, "height": 241 }
		},
		"LHand": {
			"LHand": { "x": 212.5, "y": -340, "width": 45, "height": 62 }
		},
		"LArm": {
			"LArm": { "x": 167, "y": -242.5, "width": 90, "height": 165 }
		},
		"Head": {
			"Head": { "x": 125, "y": -76, "width": 144, "height": 154 }
		}
	}
},
"animations": { "animation": {} }
}